{"stat.craftItem.minecraft.furnace":1,"stat.walkOneCm":18177,"stat.craftItem.minecraft.planks":24,"stat.leaveGame":1,"stat.mineBlock.minecraft.log2":33,"stat.pickup.minecraft.crafting_table":2,"stat.craftItem.minecraft.cooked_porkchop":15,"stat.mineBlock.minecraft.crafting_table":2,"stat.damageTaken":10,"stat.craftItem.minecraft.crafting_table":1,"stat.furnaceInteraction":9,"stat.craftItem.minecraft.stone_pickaxe":2,"stat.mineBlock.minecraft.furnace":1,"stat.useItem.minecraft.wooden_pickaxe":21,"stat.mobKills":8,"stat.pickup.minecraft.cobblestone":19,"stat.craftItem.minecraft.wooden_sword":1,"stat.pickup.minecraft.log2":32,"stat.craftItem.minecraft.coal":2,"stat.craftItem.minecraft.stone_sword":1,"stat.flyOneCm":68828,"stat.pickup.minecraft.wheat_seeds":3,"stat.jump":26,"stat.playOneMinute":17420,"stat.fallOneCm":1380,"stat.pickup.minecraft.furnace":1,"stat.craftItem.minecraft.stone_slab2":0,"stat.damageDealt":800,"stat.pickup.minecraft.porkchop":16,"stat.pickup.minecraft.stone":1,"stat.timeSinceDeath":17420,"stat.craftItem.minecraft.torch":4,"stat.useItem.minecraft.wooden_axe":25,"stat.pickup.minecraft.sapling":4,"stat.sprintOneCm":35071,"stat.useItem.minecraft.stone_slab2":3,"stat.craftItem.minecraft.wooden_pickaxe":1,"stat.killEntity.Pig":8,"stat.mineBlock.minecraft.stone":20,"stat.mineBlock.minecraft.tallgrass":8,"stat.craftItem.minecraft.stick":16,"stat.craftItem.minecraft.wooden_axe":1,"stat.craftingTableInteraction":7}