{"stat.craftItem.minecraft.stone_shovel":1,"stat.walkOneCm":53716,"stat.leaveGame":4,"stat.mineBlock.chisel.marble2":1,"stat.pickup.minecraft.crafting_table":1,"stat.useItem.minecraft.cobblestone":7,"stat.craftItem.minecraft.crafting_table":1,"stat.furnaceInteraction":2,"stat.mineBlock.minecraft.yellow_flower":1,"stat.mineBlock.minecraft.double_plant":1,"stat.mineBlock.minecraft.coal_ore":34,"stat.mineBlock.minecraft.sandstone":2,"stat.swimOneCm":8198,"stat.jump":139,"stat.pickup.minecraft.coal":34,"stat.fallOneCm":5494,"stat.useItem.minecraft.stone_axe":1,"stat.drop.minecraft.stone_sword":1,"stat.pickup.minecraft.porkchop":31,"stat.pickup.minecraft.stone":1,"stat.crouchOneCm":4914,"stat.pickup.minecraft.sapling":1,"stat.pickup.minecraft.dirt":7,"stat.useItem.minecraft.dirt":4,"stat.sprintOneCm":43267,"stat.useItem.minecraft.stone_slab2":6,"stat.craftItem.minecraft.stick":16,"stat.craftingTableInteraction":3,"stat.pickup.minecraft.iron_ore":32,"stat.pickup.minecraft.sand":1,"stat.craftItem.minecraft.furnace":2,"stat.craftItem.minecraft.planks":28,"stat.craftItem.minecraft.stone_axe":1,"stat.mineBlock.minecraft.leaves2":2,"stat.mineBlock.minecraft.log2":7,"stat.damageTaken":120,"stat.mineBlock.minecraft.crafting_table":1,"stat.pickup.minecraft.stone_sword":1,"stat.craftItem.minecraft.stone_pickaxe":1,"stat.useItem.minecraft.wooden_pickaxe":59,"stat.pickup.minecraft.cobblestone":58,"stat.mobKills":16,"stat.pickup.minecraft.log2":7,"stat.mineBlock.chisel.limestone2":3,"stat.craftItem.minecraft.stone_sword":1,"stat.pickup.chisel.limestone2":3,"stat.flyOneCm":123399,"stat.pickup.minecraft.sandstone":2,"stat.pickup.minecraft.wheat_seeds":6,"stat.drop":1,"stat.mineBlock.minecraft.sand":1,"stat.playOneMinute":18001,"stat.useItem.minecraft.stone_pickaxe":76,"stat.sneakTime":2658,"stat.useItem.minecraft.stone_sword":80,"stat.damageDealt":1600,"stat.mineBlock.minecraft.iron_ore":33,"stat.timeSinceDeath":18001,"stat.mineBlock.minecraft.dirt":7,"stat.craftItem.minecraft.wooden_pickaxe":1,"stat.mineBlock.minecraft.stone":59,"stat.killEntity.Pig":16,"stat.pickup.chisel.marble2":1,"stat.mineBlock.minecraft.tallgrass":42,"stat.diveOneCm":500}