{
  "connectedglass:recipes/decorations/clear_glass_light_blue_pane2": {
    "criteria": {
      "recipe_condition2": "2024-07-05 04:10:40 +0000"
    },
    "done": true
  },
  "connectedglass:recipes/buildingblocks/clear_glass_blue2": {
    "criteria": {
      "recipe_condition2": "2024-07-05 04:10:40 +0000"
    },
    "done": true
  },
  "connectedglass:recipes/buildingblocks/scratched_glass_gray2": {
    "criteria": {
      "recipe_condition2": "2024-07-05 04:10:40 +0000"
    },
    "done": true
  },
  "connectedglass:recipes/decorations/scratched_glass_lime_pane2": {
    "criteria": {
      "recipe_condition2": "2024-07-05 04:10:40 +0000"
    },
    "done": true
  },
  "minecraft:recipes/tools/wooden_axe": {
    "criteria": {
      "has_stick": "2024-07-05 20:18:33 +0000"
    },
    "done": true
  },
  "connectedglass:recipes/decorations/borderless_glass_yellow_pane2": {
    "criteria": {
      "recipe_condition2": "2024-07-05 04:10:40 +0000"
    },
    "done": true
  },
  "connectedglass:recipes/decorations/scratched_glass_green_pane2": {
    "criteria": {
      "recipe_condition2": "2024-07-05 04:10:40 +0000"
    },
    "done": true
  },
  "minecraft:recipes/redstone/lever": {
    "criteria": {
      "has_cobblestone": "2024-07-05 20:20:30 +0000"
    },
    "done": true
  },
  "minecraft:recipes/building_blocks/acacia_wooden_slab": {
    "criteria": {
      "has_planks": "2024-07-05 20:18:37 +0000"
    },
    "done": true
  },
  "connectedglass:recipes/buildingblocks/scratched_glass_purple2": {
    "criteria": {
      "recipe_condition2": "2024-07-05 04:10:40 +0000"
    },
    "done": true
  },
  "connectedglass:recipes/decorations/scratched_glass_orange_pane2": {
    "criteria": {
      "recipe_condition2": "2024-07-05 04:10:40 +0000"
    },
    "done": true
  },
  "connectedglass:recipes/decorations/borderless_glass_silver_pane2": {
    "criteria": {
      "recipe_condition2": "2024-07-05 04:10:40 +0000"
    },
    "done": true
  },
  "connectedglass:recipes/buildingblocks/clear_glass_orange2": {
    "criteria": {
      "recipe_condition2": "2024-07-05 04:10:40 +0000"
    },
    "done": true
  },
  "connectedglass:recipes/buildingblocks/borderless_glass_red2": {
    "criteria": {
      "recipe_condition2": "2024-07-05 04:10:40 +0000"
    },
    "done": true
  },
  "connectedglass:recipes/buildingblocks/borderless_glass_black2": {
    "criteria": {
      "recipe_condition2": "2024-07-05 04:10:40 +0000"
    },
    "done": true
  },
  "connectedglass:recipes/buildingblocks/tinted_borderless_glass_yellow2": {
    "criteria": {
      "recipe_condition2": "2024-07-05 04:10:40 +0000"
    },
    "done": true
  },
  "connectedglass:recipes/decorations/clear_glass_orange_pane2": {
    "criteria": {
      "recipe_condition2": "2024-07-05 04:10:40 +0000"
    },
    "done": true
  },
  "minecraft:recipes/decorations/crafting_table": {
    "criteria": {
      "has_the_recipe": "2024-07-05 20:18:28 +0000"
    },
    "done": true
  },
  "connectedglass:recipes/buildingblocks/clear_glass_yellow2": {
    "criteria": {
      "recipe_condition2": "2024-07-05 04:10:40 +0000"
    },
    "done": true
  },
  "connectedglass:recipes/buildingblocks/borderless_glass_purple2": {
    "criteria": {
      "recipe_condition2": "2024-07-05 04:10:40 +0000"
    },
    "done": true
  },
  "connectedglass:recipes/decorations/clear_glass_magenta_pane2": {
    "criteria": {
      "recipe_condition2": "2024-07-05 04:10:40 +0000"
    },
    "done": true
  },
  "minecraft:recipes/decorations/ladder": {
    "criteria": {
      "has_stick": "2024-07-05 20:18:33 +0000"
    },
    "done": true
  },
  "connectedglass:recipes/decorations/borderless_glass_lime_pane2": {
    "criteria": {
      "recipe_condition2": "2024-07-05 04:10:40 +0000"
    },
    "done": true
  },
  "minecraft:recipes/decorations/chest": {
    "criteria": {
      "has_lots_of_items": "2024-07-05 20:20:30 +0000"
    },
    "done": true
  },
  "connectedglass:recipes/decorations/borderless_glass_light_blue_pane2": {
    "criteria": {
      "recipe_condition2": "2024-07-05 04:10:40 +0000"
    },
    "done": true
  },
  "connectedglass:recipes/decorations/clear_glass_black_pane2": {
    "criteria": {
      "recipe_condition2": "2024-07-05 04:10:40 +0000"
    },
    "done": true
  },
  "connectedglass:recipes/buildingblocks/tinted_borderless_glass_blue2": {
    "criteria": {
      "recipe_condition2": "2024-07-05 04:10:40 +0000"
    },
    "done": true
  },
  "connectedglass:recipes/decorations/scratched_glass_purple_pane2": {
    "criteria": {
      "recipe_condition2": "2024-07-05 04:10:40 +0000"
    },
    "done": true
  },
  "minecraft:recipes/tools/wooden_shovel": {
    "criteria": {
      "has_stick": "2024-07-05 20:18:33 +0000"
    },
    "done": true
  },
  "connectedglass:recipes/buildingblocks/borderless_glass_magenta2": {
    "criteria": {
      "recipe_condition2": "2024-07-05 04:10:40 +0000"
    },
    "done": true
  },
  "minecraft:recipes/decorations/torch": {
    "criteria": {
      "has_stone_pickaxe": "2024-07-05 20:21:31 +0000"
    },
    "done": true
  },
  "connectedglass:recipes/buildingblocks/tinted_borderless_glass_orange2": {
    "criteria": {
      "recipe_condition2": "2024-07-05 04:10:40 +0000"
    },
    "done": true
  },
  "connectedglass:recipes/decorations/scratched_glass_white_pane2": {
    "criteria": {
      "recipe_condition2": "2024-07-05 04:10:40 +0000"
    },
    "done": true
  },
  "minecraft:recipes/redstone/wooden_pressure_plate": {
    "criteria": {
      "has_planks": "2024-07-05 20:18:37 +0000"
    },
    "done": true
  },
  "connectedglass:recipes/buildingblocks/scratched_glass_light_blue2": {
    "criteria": {
      "recipe_condition2": "2024-07-05 04:10:40 +0000"
    },
    "done": true
  },
  "connectedglass:recipes/buildingblocks/scratched_glass_black2": {
    "criteria": {
      "recipe_condition2": "2024-07-05 04:10:40 +0000"
    },
    "done": true
  },
  "minecraft:recipes/misc/stick": {
    "criteria": {
      "has_the_recipe": "2024-07-05 20:18:32 +0000"
    },
    "done": true
  },
  "minecraft:recipes/redstone/acacia_fence_gate": {
    "criteria": {
      "has_planks": "2024-07-05 20:18:37 +0000"
    },
    "done": true
  },
  "connectedglass:recipes/decorations/clear_glass_pink_pane2": {
    "criteria": {
      "recipe_condition2": "2024-07-05 04:10:40 +0000"
    },
    "done": true
  },
  "mowziesmobs:root": {
    "criteria": {
      "custom_test_name": "2024-07-05 04:10:40 +0000"
    },
    "done": true
  },
  "minecraft:recipes/decorations/sign": {
    "criteria": {
      "has_planks": "2024-07-05 20:18:37 +0000"
    },
    "done": true
  },
  "connectedglass:recipes/buildingblocks/tinted_glass": {
    "criteria": {
      "recipe_condition": "2024-07-05 04:10:40 +0000"
    },
    "done": true
  },
  "minecraft:recipes/redstone/wooden_button": {
    "criteria": {
      "has_planks": "2024-07-05 20:18:37 +0000"
    },
    "done": true
  },
  "minecraft:recipes/combat/wooden_sword": {
    "criteria": {
      "has_stick": "2024-07-05 20:18:33 +0000"
    },
    "done": true
  },
  "minecraft:recipes/tools/stone_shovel": {
    "criteria": {
      "has_cobblestone": "2024-07-05 20:20:30 +0000"
    },
    "done": true
  },
  "connectedglass:recipes/decorations/borderless_glass_red_pane2": {
    "criteria": {
      "recipe_condition2": "2024-07-05 04:10:40 +0000"
    },
    "done": true
  },
  "connectedglass:recipes/decorations/borderless_glass_green_pane2": {
    "criteria": {
      "recipe_condition2": "2024-07-05 04:10:40 +0000"
    },
    "done": true
  },
  "connectedglass:recipes/buildingblocks/clear_glass_cyan2": {
    "criteria": {
      "recipe_condition2": "2024-07-05 04:10:40 +0000"
    },
    "done": true
  },
  "connectedglass:recipes/buildingblocks/clear_glass_gray2": {
    "criteria": {
      "recipe_condition2": "2024-07-05 04:10:40 +0000"
    },
    "done": true
  },
  "connectedglass:recipes/decorations/borderless_glass_white_pane2": {
    "criteria": {
      "recipe_condition2": "2024-07-05 04:10:40 +0000"
    },
    "done": true
  },
  "connectedglass:recipes/buildingblocks/scratched_glass_pink2": {
    "criteria": {
      "recipe_condition2": "2024-07-05 04:10:40 +0000"
    },
    "done": true
  },
  "connectedglass:recipes/buildingblocks/tinted_borderless_glass_lime2": {
    "criteria": {
      "recipe_condition2": "2024-07-05 04:10:40 +0000"
    },
    "done": true
  },
  "connectedglass:recipes/buildingblocks/tinted_borderless_glass_silver2": {
    "criteria": {
      "recipe_condition2": "2024-07-05 04:10:40 +0000"
    },
    "done": true
  },
  "minecraft:recipes/tools/wooden_hoe": {
    "criteria": {
      "has_stick": "2024-07-05 20:18:33 +0000"
    },
    "done": true
  },
  "minecraft:recipes/building_blocks/andesite": {
    "criteria": {
      "has_stone": "2024-07-05 20:20:44 +0000"
    },
    "done": true
  },
  "minecraft:recipes/building_blocks/cobblestone_slab": {
    "criteria": {
      "has_cobblestone": "2024-07-05 20:20:30 +0000"
    },
    "done": true
  },
  "connectedglass:recipes/decorations/scratched_glass_red_pane2": {
    "criteria": {
      "recipe_condition2": "2024-07-05 04:10:40 +0000"
    },
    "done": true
  },
  "connectedglass:recipes/decorations/borderless_glass_brown_pane2": {
    "criteria": {
      "recipe_condition2": "2024-07-05 04:10:40 +0000"
    },
    "done": true
  },
  "connectedglass:recipes/decorations/clear_glass_red_pane2": {
    "criteria": {
      "recipe_condition2": "2024-07-05 04:10:40 +0000"
    },
    "done": true
  },
  "connectedglass:recipes/buildingblocks/tinted_borderless_glass_white2": {
    "criteria": {
      "recipe_condition2": "2024-07-05 04:10:40 +0000"
    },
    "done": true
  },
  "connectedglass:recipes/buildingblocks/borderless_glass_gray2": {
    "criteria": {
      "recipe_condition2": "2024-07-05 04:10:40 +0000"
    },
    "done": true
  },
  "connectedglass:recipes/buildingblocks/borderless_glass_orange2": {
    "criteria": {
      "recipe_condition2": "2024-07-05 04:10:40 +0000"
    },
    "done": true
  },
  "connectedglass:recipes/buildingblocks/borderless_glass_green2": {
    "criteria": {
      "recipe_condition2": "2024-07-05 04:10:40 +0000"
    },
    "done": true
  },
  "connectedglass:recipes/decorations/clear_glass_brown_pane2": {
    "criteria": {
      "recipe_condition2": "2024-07-05 04:10:40 +0000"
    },
    "done": true
  },
  "connectedglass:recipes/buildingblocks/tinted_borderless_glass_cyan2": {
    "criteria": {
      "recipe_condition2": "2024-07-05 04:10:40 +0000"
    },
    "done": true
  },
  "connectedglass:recipes/buildingblocks/tinted_borderless_glass_light_blue2": {
    "criteria": {
      "recipe_condition2": "2024-07-05 04:10:40 +0000"
    },
    "done": true
  },
  "connectedglass:recipes/buildingblocks/clear_glass_green2": {
    "criteria": {
      "recipe_condition2": "2024-07-05 04:10:40 +0000"
    },
    "done": true
  },
  "connectedglass:recipes/decorations/scratched_glass_brown_pane2": {
    "criteria": {
      "recipe_condition2": "2024-07-05 04:10:40 +0000"
    },
    "done": true
  },
  "connectedglass:recipes/buildingblocks/tinted_borderless_glass_gray2": {
    "criteria": {
      "recipe_condition2": "2024-07-05 04:10:40 +0000"
    },
    "done": true
  },
  "connectedglass:recipes/buildingblocks/scratched_glass_white2": {
    "criteria": {
      "recipe_condition2": "2024-07-05 04:10:40 +0000"
    },
    "done": true
  },
  "minecraft:story/root": {
    "criteria": {
      "crafting_table": "2024-07-05 20:18:29 +0000"
    },
    "done": true
  },
  "connectedglass:recipes/buildingblocks/borderless_glass_yellow2": {
    "criteria": {
      "recipe_condition2": "2024-07-05 04:10:40 +0000"
    },
    "done": true
  },
  "connectedglass:recipes/buildingblocks/scratched_glass_blue2": {
    "criteria": {
      "recipe_condition2": "2024-07-05 04:10:40 +0000"
    },
    "done": true
  },
  "connectedglass:recipes/decorations/borderless_glass_blue_pane2": {
    "criteria": {
      "recipe_condition2": "2024-07-05 04:10:40 +0000"
    },
    "done": true
  },
  "connectedglass:recipes/buildingblocks/borderless_glass_lime2": {
    "criteria": {
      "recipe_condition2": "2024-07-05 04:10:40 +0000"
    },
    "done": true
  },
  "connectedglass:recipes/buildingblocks/clear_glass_purple2": {
    "criteria": {
      "recipe_condition2": "2024-07-05 04:10:40 +0000"
    },
    "done": true
  },
  "connectedglass:recipes/decorations/clear_glass_cyan_pane2": {
    "criteria": {
      "recipe_condition2": "2024-07-05 04:10:40 +0000"
    },
    "done": true
  },
  "connectedglass:recipes/buildingblocks/clear_glass_lime2": {
    "criteria": {
      "recipe_condition2": "2024-07-05 04:10:40 +0000"
    },
    "done": true
  },
  "connectedglass:recipes/buildingblocks/borderless_glass_silver2": {
    "criteria": {
      "recipe_condition2": "2024-07-05 04:10:40 +0000"
    },
    "done": true
  },
  "connectedglass:recipes/buildingblocks/borderless_glass_cyan2": {
    "criteria": {
      "recipe_condition2": "2024-07-05 04:10:40 +0000"
    },
    "done": true
  },
  "connectedglass:recipes/decorations/clear_glass_white_pane2": {
    "criteria": {
      "recipe_condition2": "2024-07-05 04:10:40 +0000"
    },
    "done": true
  },
  "connectedglass:recipes/buildingblocks/scratched_glass_brown2": {
    "criteria": {
      "recipe_condition2": "2024-07-05 04:10:40 +0000"
    },
    "done": true
  },
  "connectedglass:recipes/buildingblocks/borderless_glass_white2": {
    "criteria": {
      "recipe_condition2": "2024-07-05 04:10:40 +0000"
    },
    "done": true
  },
  "minecraft:recipes/building_blocks/acacia_planks": {
    "criteria": {
      "has_log2": "2024-07-05 20:18:05 +0000"
    },
    "done": true
  },
  "minecraft:recipes/decorations/acacia_fence": {
    "criteria": {
      "has_planks": "2024-07-05 20:18:37 +0000"
    },
    "done": true
  },
  "connectedglass:recipes/decorations/clear_glass_yellow_pane2": {
    "criteria": {
      "recipe_condition2": "2024-07-05 04:10:40 +0000"
    },
    "done": true
  },
  "connectedglass:recipes/decorations/borderless_glass_black_pane2": {
    "criteria": {
      "recipe_condition2": "2024-07-05 04:10:40 +0000"
    },
    "done": true
  },
  "connectedglass:recipes/buildingblocks/tinted_borderless_glass_pink2": {
    "criteria": {
      "recipe_condition2": "2024-07-05 04:10:40 +0000"
    },
    "done": true
  },
  "connectedglass:recipes/decorations/clear_glass_lime_pane2": {
    "criteria": {
      "recipe_condition2": "2024-07-05 04:10:40 +0000"
    },
    "done": true
  },
  "connectedglass:recipes/decorations/clear_glass_green_pane2": {
    "criteria": {
      "recipe_condition2": "2024-07-05 04:10:40 +0000"
    },
    "done": true
  },
  "connectedglass:recipes/decorations/borderless_glass_cyan_pane2": {
    "criteria": {
      "recipe_condition2": "2024-07-05 04:10:40 +0000"
    },
    "done": true
  },
  "connectedglass:recipes/buildingblocks/scratched_glass_red2": {
    "criteria": {
      "recipe_condition2": "2024-07-05 04:10:40 +0000"
    },
    "done": true
  },
  "connectedglass:recipes/buildingblocks/tinted_borderless_glass_red2": {
    "criteria": {
      "recipe_condition2": "2024-07-05 04:10:40 +0000"
    },
    "done": true
  },
  "minecraft:story/mine_stone": {
    "criteria": {
      "get_stone": "2024-07-05 20:20:30 +0000"
    },
    "done": true
  },
  "connectedglass:recipes/buildingblocks/clear_glass_magenta2": {
    "criteria": {
      "recipe_condition2": "2024-07-05 04:10:40 +0000"
    },
    "done": true
  },
  "connectedglass:recipes/decorations/clear_glass_silver_pane2": {
    "criteria": {
      "recipe_condition2": "2024-07-05 04:10:40 +0000"
    },
    "done": true
  },
  "connectedglass:recipes/buildingblocks/scratched_glass_lime2": {
    "criteria": {
      "recipe_condition2": "2024-07-05 04:10:40 +0000"
    },
    "done": true
  },
  "connectedglass:recipes/decorations/scratched_glass_pink_pane2": {
    "criteria": {
      "recipe_condition2": "2024-07-05 04:10:40 +0000"
    },
    "done": true
  },
  "minecraft:recipes/decorations/furnace": {
    "criteria": {
      "has_cobblestone": "2024-07-05 20:20:30 +0000"
    },
    "done": true
  },
  "connectedglass:recipes/decorations/scratched_glass_cyan_pane2": {
    "criteria": {
      "recipe_condition2": "2024-07-05 04:10:40 +0000"
    },
    "done": true
  },
  "minecraft:adventure/adventuring_time": {
    "criteria": {
      "desert_hills": "2024-07-05 20:27:48 +0000",
      "savanna": "2024-07-05 04:10:40 +0000",
      "desert": "2024-07-05 20:27:46 +0000"
    },
    "done": false
  },
  "connectedglass:recipes/buildingblocks/scratched_glass_cyan2": {
    "criteria": {
      "recipe_condition2": "2024-07-05 04:10:40 +0000"
    },
    "done": true
  },
  "connectedglass:recipes/decorations/scratched_glass_silver_pane2": {
    "criteria": {
      "recipe_condition2": "2024-07-05 04:10:40 +0000"
    },
    "done": true
  },
  "connectedglass:recipes/buildingblocks/clear_glass_pink2": {
    "criteria": {
      "recipe_condition2": "2024-07-05 04:10:40 +0000"
    },
    "done": true
  },
  "connectedglass:recipes/buildingblocks/borderless_glass_light_blue2": {
    "criteria": {
      "recipe_condition2": "2024-07-05 04:10:40 +0000"
    },
    "done": true
  },
  "minecraft:recipes/tools/wooden_pickaxe": {
    "criteria": {
      "has_stick": "2024-07-05 20:18:33 +0000"
    },
    "done": true
  },
  "connectedglass:recipes/decorations/scratched_glass_magenta_pane2": {
    "criteria": {
      "recipe_condition2": "2024-07-05 04:10:40 +0000"
    },
    "done": true
  },
  "connectedglass:recipes/buildingblocks/clear_glass_red2": {
    "criteria": {
      "recipe_condition2": "2024-07-05 04:10:40 +0000"
    },
    "done": true
  },
  "minecraft:recipes/combat/stone_sword": {
    "criteria": {
      "has_cobblestone": "2024-07-05 20:20:30 +0000"
    },
    "done": true
  },
  "minecraft:recipes/decorations/cobblestone_wall": {
    "criteria": {
      "has_cobblestone": "2024-07-05 20:20:30 +0000"
    },
    "done": true
  },
  "cfm:install": {
    "criteria": {
      "tick": "2024-07-05 04:10:40 +0000"
    },
    "done": true
  },
  "connectedglass:recipes/buildingblocks/clear_glass_brown2": {
    "criteria": {
      "recipe_condition2": "2024-07-05 04:10:40 +0000"
    },
    "done": true
  },
  "minecraft:recipes/tools/stone_pickaxe": {
    "criteria": {
      "has_cobblestone": "2024-07-05 20:20:30 +0000"
    },
    "done": true
  },
  "connectedglass:recipes/buildingblocks/borderless_glass_pink2": {
    "criteria": {
      "recipe_condition2": "2024-07-05 04:10:40 +0000"
    },
    "done": true
  },
  "minecraft:recipes/redstone/acacia_door": {
    "criteria": {
      "has_planks": "2024-07-05 20:18:37 +0000"
    },
    "done": true
  },
  "betteranimalsplus:root": {
    "criteria": {
      "tick": "2024-07-05 04:10:40 +0000"
    },
    "done": true
  },
  "connectedglass:recipes/decorations/scratched_glass_gray_pane2": {
    "criteria": {
      "recipe_condition2": "2024-07-05 04:10:40 +0000"
    },
    "done": true
  },
  "connectedglass:recipes/decorations/borderless_glass_gray_pane2": {
    "criteria": {
      "recipe_condition2": "2024-07-05 04:10:40 +0000"
    },
    "done": true
  },
  "minecraft:adventure/root": {
    "criteria": {
      "killed_something": "2024-07-05 20:19:28 +0000"
    },
    "done": true
  },
  "connectedglass:recipes/buildingblocks/clear_glass_black2": {
    "criteria": {
      "recipe_condition2": "2024-07-05 04:10:40 +0000"
    },
    "done": true
  },
  "connectedglass:recipes/decorations/scratched_glass_black_pane2": {
    "criteria": {
      "recipe_condition2": "2024-07-05 04:10:40 +0000"
    },
    "done": true
  },
  "connectedglass:recipes/buildingblocks/tinted_borderless_glass_green2": {
    "criteria": {
      "recipe_condition2": "2024-07-05 04:10:40 +0000"
    },
    "done": true
  },
  "connectedglass:recipes/decorations/borderless_glass_purple_pane2": {
    "criteria": {
      "recipe_condition2": "2024-07-05 04:10:40 +0000"
    },
    "done": true
  },
  "minecraft:recipes/tools/stone_hoe": {
    "criteria": {
      "has_cobblestone": "2024-07-05 20:20:30 +0000"
    },
    "done": true
  },
  "connectedglass:recipes/buildingblocks/clear_glass_white2": {
    "criteria": {
      "recipe_condition2": "2024-07-05 04:10:40 +0000"
    },
    "done": true
  },
  "connectedglass:recipes/buildingblocks/scratched_glass_orange2": {
    "criteria": {
      "recipe_condition2": "2024-07-05 04:10:40 +0000"
    },
    "done": true
  },
  "connectedglass:recipes/buildingblocks/scratched_glass_magenta2": {
    "criteria": {
      "recipe_condition2": "2024-07-05 04:10:40 +0000"
    },
    "done": true
  },
  "connectedglass:recipes/buildingblocks/clear_glass_silver2": {
    "criteria": {
      "recipe_condition2": "2024-07-05 04:10:40 +0000"
    },
    "done": true
  },
  "connectedglass:recipes/decorations/clear_glass_blue_pane2": {
    "criteria": {
      "recipe_condition2": "2024-07-05 04:10:40 +0000"
    },
    "done": true
  },
  "connectedglass:recipes/decorations/scratched_glass_blue_pane2": {
    "criteria": {
      "recipe_condition2": "2024-07-05 04:10:40 +0000"
    },
    "done": true
  },
  "connectedglass:recipes/buildingblocks/tinted_borderless_glass_brown2": {
    "criteria": {
      "recipe_condition2": "2024-07-05 04:10:40 +0000"
    },
    "done": true
  },
  "connectedglass:recipes/buildingblocks/borderless_glass_blue2": {
    "criteria": {
      "recipe_condition2": "2024-07-05 04:10:40 +0000"
    },
    "done": true
  },
  "connectedglass:recipes/buildingblocks/scratched_glass_green2": {
    "criteria": {
      "recipe_condition2": "2024-07-05 04:10:40 +0000"
    },
    "done": true
  },
  "connectedglass:recipes/decorations/scratched_glass_light_blue_pane2": {
    "criteria": {
      "recipe_condition2": "2024-07-05 04:10:40 +0000"
    },
    "done": true
  },
  "connectedglass:recipes/decorations/clear_glass_gray_pane2": {
    "criteria": {
      "recipe_condition2": "2024-07-05 04:10:40 +0000"
    },
    "done": true
  },
  "minecraft:recipes/building_blocks/stone_stairs": {
    "criteria": {
      "has_cobblestone": "2024-07-05 20:20:30 +0000"
    },
    "done": true
  },
  "connectedglass:recipes/buildingblocks/borderless_glass_brown2": {
    "criteria": {
      "recipe_condition2": "2024-07-05 04:10:40 +0000"
    },
    "done": true
  },
  "cfm:root": {
    "criteria": {
      "tick": "2024-07-05 04:10:40 +0000"
    },
    "done": true
  },
  "connectedglass:recipes/decorations/borderless_glass_magenta_pane2": {
    "criteria": {
      "recipe_condition2": "2024-07-05 04:10:40 +0000"
    },
    "done": true
  },
  "connectedglass:recipes/buildingblocks/tinted_borderless_glass_black2": {
    "criteria": {
      "recipe_condition2": "2024-07-05 04:10:40 +0000"
    },
    "done": true
  },
  "connectedglass:recipes/decorations/borderless_glass_orange_pane2": {
    "criteria": {
      "recipe_condition2": "2024-07-05 04:10:40 +0000"
    },
    "done": true
  },
  "connectedglass:recipes/buildingblocks/tinted_borderless_glass_magenta2": {
    "criteria": {
      "recipe_condition2": "2024-07-05 04:10:40 +0000"
    },
    "done": true
  },
  "connectedglass:recipes/decorations/borderless_glass_pink_pane2": {
    "criteria": {
      "recipe_condition2": "2024-07-05 04:10:40 +0000"
    },
    "done": true
  },
  "minecraft:recipes/building_blocks/polished_diorite": {
    "criteria": {
      "has_stone": "2024-07-05 20:20:44 +0000"
    },
    "done": true
  },
  "connectedglass:recipes/buildingblocks/scratched_glass_yellow2": {
    "criteria": {
      "recipe_condition2": "2024-07-05 04:10:40 +0000"
    },
    "done": true
  },
  "minecraft:story/upgrade_tools": {
    "criteria": {
      "stone_pickaxe": "2024-07-05 20:21:31 +0000"
    },
    "done": true
  },
  "connectedglass:recipes/decorations/scratched_glass_yellow_pane2": {
    "criteria": {
      "recipe_condition2": "2024-07-05 04:10:40 +0000"
    },
    "done": true
  },
  "minecraft:recipes/building_blocks/acacia_stairs": {
    "criteria": {
      "has_planks": "2024-07-05 20:18:37 +0000"
    },
    "done": true
  },
  "connectedglass:recipes/buildingblocks/scratched_glass_silver2": {
    "criteria": {
      "recipe_condition2": "2024-07-05 04:10:40 +0000"
    },
    "done": true
  },
  "connectedglass:recipes/buildingblocks/tinted_borderless_glass_purple2": {
    "criteria": {
      "recipe_condition2": "2024-07-05 04:10:40 +0000"
    },
    "done": true
  },
  "connectedglass:recipes/buildingblocks/clear_glass_light_blue2": {
    "criteria": {
      "recipe_condition2": "2024-07-05 04:10:40 +0000"
    },
    "done": true
  },
  "minecraft:recipes/tools/stone_axe": {
    "criteria": {
      "has_cobblestone": "2024-07-05 20:20:30 +0000"
    },
    "done": true
  },
  "connectedglass:recipes/decorations/clear_glass_purple_pane2": {
    "criteria": {
      "recipe_condition2": "2024-07-05 04:10:40 +0000"
    },
    "done": true
  }
}