{
  "connectedglass:recipes/decorations/clear_glass_light_blue_pane2": {
    "criteria": {
      "recipe_condition2": "2024-07-05 04:11:10 +0000"
    },
    "done": true
  },
  "connectedglass:recipes/buildingblocks/clear_glass_blue2": {
    "criteria": {
      "recipe_condition2": "2024-07-05 04:11:10 +0000"
    },
    "done": true
  },
  "connectedglass:recipes/buildingblocks/scratched_glass_gray2": {
    "criteria": {
      "recipe_condition2": "2024-07-05 04:11:10 +0000"
    },
    "done": true
  },
  "connectedglass:recipes/decorations/scratched_glass_lime_pane2": {
    "criteria": {
      "recipe_condition2": "2024-07-05 04:11:10 +0000"
    },
    "done": true
  },
  "connectedglass:recipes/decorations/borderless_glass_yellow_pane2": {
    "criteria": {
      "recipe_condition2": "2024-07-05 04:11:10 +0000"
    },
    "done": true
  },
  "connectedglass:recipes/decorations/scratched_glass_green_pane2": {
    "criteria": {
      "recipe_condition2": "2024-07-05 04:11:10 +0000"
    },
    "done": true
  },
  "connectedglass:recipes/buildingblocks/scratched_glass_purple2": {
    "criteria": {
      "recipe_condition2": "2024-07-05 04:11:10 +0000"
    },
    "done": true
  },
  "connectedglass:recipes/decorations/scratched_glass_orange_pane2": {
    "criteria": {
      "recipe_condition2": "2024-07-05 04:11:10 +0000"
    },
    "done": true
  },
  "connectedglass:recipes/decorations/borderless_glass_silver_pane2": {
    "criteria": {
      "recipe_condition2": "2024-07-05 04:11:10 +0000"
    },
    "done": true
  },
  "connectedglass:recipes/buildingblocks/clear_glass_orange2": {
    "criteria": {
      "recipe_condition2": "2024-07-05 04:11:10 +0000"
    },
    "done": true
  },
  "connectedglass:recipes/buildingblocks/borderless_glass_red2": {
    "criteria": {
      "recipe_condition2": "2024-07-05 04:11:10 +0000"
    },
    "done": true
  },
  "connectedglass:recipes/buildingblocks/borderless_glass_black2": {
    "criteria": {
      "recipe_condition2": "2024-07-05 04:11:10 +0000"
    },
    "done": true
  },
  "connectedglass:recipes/buildingblocks/tinted_borderless_glass_yellow2": {
    "criteria": {
      "recipe_condition2": "2024-07-05 04:11:10 +0000"
    },
    "done": true
  },
  "connectedglass:recipes/decorations/clear_glass_orange_pane2": {
    "criteria": {
      "recipe_condition2": "2024-07-05 04:11:10 +0000"
    },
    "done": true
  },
  "connectedglass:recipes/buildingblocks/clear_glass_yellow2": {
    "criteria": {
      "recipe_condition2": "2024-07-05 04:11:10 +0000"
    },
    "done": true
  },
  "connectedglass:recipes/buildingblocks/borderless_glass_purple2": {
    "criteria": {
      "recipe_condition2": "2024-07-05 04:11:10 +0000"
    },
    "done": true
  },
  "connectedglass:recipes/decorations/clear_glass_magenta_pane2": {
    "criteria": {
      "recipe_condition2": "2024-07-05 04:11:10 +0000"
    },
    "done": true
  },
  "connectedglass:recipes/decorations/borderless_glass_lime_pane2": {
    "criteria": {
      "recipe_condition2": "2024-07-05 04:11:10 +0000"
    },
    "done": true
  },
  "connectedglass:recipes/decorations/borderless_glass_light_blue_pane2": {
    "criteria": {
      "recipe_condition2": "2024-07-05 04:11:10 +0000"
    },
    "done": true
  },
  "connectedglass:recipes/decorations/clear_glass_black_pane2": {
    "criteria": {
      "recipe_condition2": "2024-07-05 04:11:10 +0000"
    },
    "done": true
  },
  "connectedglass:recipes/buildingblocks/tinted_borderless_glass_blue2": {
    "criteria": {
      "recipe_condition2": "2024-07-05 04:11:10 +0000"
    },
    "done": true
  },
  "connectedglass:recipes/decorations/scratched_glass_purple_pane2": {
    "criteria": {
      "recipe_condition2": "2024-07-05 04:11:10 +0000"
    },
    "done": true
  },
  "connectedglass:recipes/buildingblocks/borderless_glass_magenta2": {
    "criteria": {
      "recipe_condition2": "2024-07-05 04:11:10 +0000"
    },
    "done": true
  },
  "connectedglass:recipes/buildingblocks/tinted_borderless_glass_orange2": {
    "criteria": {
      "recipe_condition2": "2024-07-05 04:11:10 +0000"
    },
    "done": true
  },
  "connectedglass:recipes/decorations/scratched_glass_white_pane2": {
    "criteria": {
      "recipe_condition2": "2024-07-05 04:11:10 +0000"
    },
    "done": true
  },
  "connectedglass:recipes/buildingblocks/scratched_glass_light_blue2": {
    "criteria": {
      "recipe_condition2": "2024-07-05 04:11:10 +0000"
    },
    "done": true
  },
  "connectedglass:recipes/buildingblocks/scratched_glass_black2": {
    "criteria": {
      "recipe_condition2": "2024-07-05 04:11:10 +0000"
    },
    "done": true
  },
  "connectedglass:recipes/decorations/clear_glass_pink_pane2": {
    "criteria": {
      "recipe_condition2": "2024-07-05 04:11:10 +0000"
    },
    "done": true
  },
  "mowziesmobs:root": {
    "criteria": {
      "custom_test_name": "2024-07-05 04:11:10 +0000"
    },
    "done": true
  },
  "minecraft:recipes/transportation/spruce_boat": {
    "criteria": {
      "entered_water": "2024-07-05 04:15:01 +0000"
    },
    "done": true
  },
  "connectedglass:recipes/buildingblocks/tinted_glass": {
    "criteria": {
      "recipe_condition": "2024-07-05 04:11:10 +0000"
    },
    "done": true
  },
  "connectedglass:recipes/decorations/borderless_glass_red_pane2": {
    "criteria": {
      "recipe_condition2": "2024-07-05 04:11:10 +0000"
    },
    "done": true
  },
  "connectedglass:recipes/decorations/borderless_glass_green_pane2": {
    "criteria": {
      "recipe_condition2": "2024-07-05 04:11:10 +0000"
    },
    "done": true
  },
  "connectedglass:recipes/buildingblocks/clear_glass_cyan2": {
    "criteria": {
      "recipe_condition2": "2024-07-05 04:11:10 +0000"
    },
    "done": true
  },
  "connectedglass:recipes/buildingblocks/clear_glass_gray2": {
    "criteria": {
      "recipe_condition2": "2024-07-05 04:11:10 +0000"
    },
    "done": true
  },
  "connectedglass:recipes/decorations/borderless_glass_white_pane2": {
    "criteria": {
      "recipe_condition2": "2024-07-05 04:11:10 +0000"
    },
    "done": true
  },
  "connectedglass:recipes/buildingblocks/scratched_glass_pink2": {
    "criteria": {
      "recipe_condition2": "2024-07-05 04:11:10 +0000"
    },
    "done": true
  },
  "connectedglass:recipes/buildingblocks/tinted_borderless_glass_lime2": {
    "criteria": {
      "recipe_condition2": "2024-07-05 04:11:10 +0000"
    },
    "done": true
  },
  "connectedglass:recipes/buildingblocks/tinted_borderless_glass_silver2": {
    "criteria": {
      "recipe_condition2": "2024-07-05 04:11:10 +0000"
    },
    "done": true
  },
  "connectedglass:recipes/decorations/scratched_glass_red_pane2": {
    "criteria": {
      "recipe_condition2": "2024-07-05 04:11:10 +0000"
    },
    "done": true
  },
  "connectedglass:recipes/decorations/borderless_glass_brown_pane2": {
    "criteria": {
      "recipe_condition2": "2024-07-05 04:11:10 +0000"
    },
    "done": true
  },
  "connectedglass:recipes/decorations/clear_glass_red_pane2": {
    "criteria": {
      "recipe_condition2": "2024-07-05 04:11:10 +0000"
    },
    "done": true
  },
  "connectedglass:recipes/buildingblocks/tinted_borderless_glass_white2": {
    "criteria": {
      "recipe_condition2": "2024-07-05 04:11:10 +0000"
    },
    "done": true
  },
  "connectedglass:recipes/buildingblocks/borderless_glass_gray2": {
    "criteria": {
      "recipe_condition2": "2024-07-05 04:11:10 +0000"
    },
    "done": true
  },
  "connectedglass:recipes/buildingblocks/borderless_glass_orange2": {
    "criteria": {
      "recipe_condition2": "2024-07-05 04:11:10 +0000"
    },
    "done": true
  },
  "connectedglass:recipes/buildingblocks/borderless_glass_green2": {
    "criteria": {
      "recipe_condition2": "2024-07-05 04:11:10 +0000"
    },
    "done": true
  },
  "connectedglass:recipes/decorations/clear_glass_brown_pane2": {
    "criteria": {
      "recipe_condition2": "2024-07-05 04:11:10 +0000"
    },
    "done": true
  },
  "connectedglass:recipes/buildingblocks/tinted_borderless_glass_cyan2": {
    "criteria": {
      "recipe_condition2": "2024-07-05 04:11:10 +0000"
    },
    "done": true
  },
  "connectedglass:recipes/buildingblocks/tinted_borderless_glass_light_blue2": {
    "criteria": {
      "recipe_condition2": "2024-07-05 04:11:10 +0000"
    },
    "done": true
  },
  "connectedglass:recipes/buildingblocks/clear_glass_green2": {
    "criteria": {
      "recipe_condition2": "2024-07-05 04:11:10 +0000"
    },
    "done": true
  },
  "connectedglass:recipes/decorations/scratched_glass_brown_pane2": {
    "criteria": {
      "recipe_condition2": "2024-07-05 04:11:10 +0000"
    },
    "done": true
  },
  "connectedglass:recipes/buildingblocks/tinted_borderless_glass_gray2": {
    "criteria": {
      "recipe_condition2": "2024-07-05 04:11:10 +0000"
    },
    "done": true
  },
  "connectedglass:recipes/buildingblocks/scratched_glass_white2": {
    "criteria": {
      "recipe_condition2": "2024-07-05 04:11:10 +0000"
    },
    "done": true
  },
  "connectedglass:recipes/buildingblocks/borderless_glass_yellow2": {
    "criteria": {
      "recipe_condition2": "2024-07-05 04:11:10 +0000"
    },
    "done": true
  },
  "connectedglass:recipes/buildingblocks/scratched_glass_blue2": {
    "criteria": {
      "recipe_condition2": "2024-07-05 04:11:10 +0000"
    },
    "done": true
  },
  "connectedglass:recipes/decorations/borderless_glass_blue_pane2": {
    "criteria": {
      "recipe_condition2": "2024-07-05 04:11:10 +0000"
    },
    "done": true
  },
  "connectedglass:recipes/buildingblocks/borderless_glass_lime2": {
    "criteria": {
      "recipe_condition2": "2024-07-05 04:11:10 +0000"
    },
    "done": true
  },
  "connectedglass:recipes/buildingblocks/clear_glass_purple2": {
    "criteria": {
      "recipe_condition2": "2024-07-05 04:11:10 +0000"
    },
    "done": true
  },
  "connectedglass:recipes/decorations/clear_glass_cyan_pane2": {
    "criteria": {
      "recipe_condition2": "2024-07-05 04:11:10 +0000"
    },
    "done": true
  },
  "connectedglass:recipes/buildingblocks/clear_glass_lime2": {
    "criteria": {
      "recipe_condition2": "2024-07-05 04:11:10 +0000"
    },
    "done": true
  },
  "connectedglass:recipes/buildingblocks/borderless_glass_silver2": {
    "criteria": {
      "recipe_condition2": "2024-07-05 04:11:10 +0000"
    },
    "done": true
  },
  "connectedglass:recipes/buildingblocks/borderless_glass_cyan2": {
    "criteria": {
      "recipe_condition2": "2024-07-05 04:11:10 +0000"
    },
    "done": true
  },
  "connectedglass:recipes/decorations/clear_glass_white_pane2": {
    "criteria": {
      "recipe_condition2": "2024-07-05 04:11:10 +0000"
    },
    "done": true
  },
  "connectedglass:recipes/buildingblocks/scratched_glass_brown2": {
    "criteria": {
      "recipe_condition2": "2024-07-05 04:11:10 +0000"
    },
    "done": true
  },
  "connectedglass:recipes/buildingblocks/borderless_glass_white2": {
    "criteria": {
      "recipe_condition2": "2024-07-05 04:11:10 +0000"
    },
    "done": true
  },
  "connectedglass:recipes/decorations/clear_glass_yellow_pane2": {
    "criteria": {
      "recipe_condition2": "2024-07-05 04:11:10 +0000"
    },
    "done": true
  },
  "connectedglass:recipes/decorations/borderless_glass_black_pane2": {
    "criteria": {
      "recipe_condition2": "2024-07-05 04:11:10 +0000"
    },
    "done": true
  },
  "connectedglass:recipes/buildingblocks/tinted_borderless_glass_pink2": {
    "criteria": {
      "recipe_condition2": "2024-07-05 04:11:10 +0000"
    },
    "done": true
  },
  "connectedglass:recipes/decorations/clear_glass_lime_pane2": {
    "criteria": {
      "recipe_condition2": "2024-07-05 04:11:10 +0000"
    },
    "done": true
  },
  "connectedglass:recipes/decorations/clear_glass_green_pane2": {
    "criteria": {
      "recipe_condition2": "2024-07-05 04:11:10 +0000"
    },
    "done": true
  },
  "connectedglass:recipes/decorations/borderless_glass_cyan_pane2": {
    "criteria": {
      "recipe_condition2": "2024-07-05 04:11:10 +0000"
    },
    "done": true
  },
  "connectedglass:recipes/buildingblocks/scratched_glass_red2": {
    "criteria": {
      "recipe_condition2": "2024-07-05 04:11:10 +0000"
    },
    "done": true
  },
  "connectedglass:recipes/buildingblocks/tinted_borderless_glass_red2": {
    "criteria": {
      "recipe_condition2": "2024-07-05 04:11:10 +0000"
    },
    "done": true
  },
  "connectedglass:recipes/buildingblocks/clear_glass_magenta2": {
    "criteria": {
      "recipe_condition2": "2024-07-05 04:11:10 +0000"
    },
    "done": true
  },
  "connectedglass:recipes/decorations/clear_glass_silver_pane2": {
    "criteria": {
      "recipe_condition2": "2024-07-05 04:11:10 +0000"
    },
    "done": true
  },
  "connectedglass:recipes/buildingblocks/scratched_glass_lime2": {
    "criteria": {
      "recipe_condition2": "2024-07-05 04:11:10 +0000"
    },
    "done": true
  },
  "connectedglass:recipes/decorations/scratched_glass_pink_pane2": {
    "criteria": {
      "recipe_condition2": "2024-07-05 04:11:10 +0000"
    },
    "done": true
  },
  "connectedglass:recipes/decorations/scratched_glass_cyan_pane2": {
    "criteria": {
      "recipe_condition2": "2024-07-05 04:11:10 +0000"
    },
    "done": true
  },
  "minecraft:adventure/adventuring_time": {
    "criteria": {
      "savanna": "2024-07-05 04:11:10 +0000"
    },
    "done": false
  },
  "connectedglass:recipes/buildingblocks/scratched_glass_cyan2": {
    "criteria": {
      "recipe_condition2": "2024-07-05 04:11:10 +0000"
    },
    "done": true
  },
  "connectedglass:recipes/decorations/scratched_glass_silver_pane2": {
    "criteria": {
      "recipe_condition2": "2024-07-05 04:11:10 +0000"
    },
    "done": true
  },
  "connectedglass:recipes/buildingblocks/clear_glass_pink2": {
    "criteria": {
      "recipe_condition2": "2024-07-05 04:11:10 +0000"
    },
    "done": true
  },
  "connectedglass:recipes/buildingblocks/borderless_glass_light_blue2": {
    "criteria": {
      "recipe_condition2": "2024-07-05 04:11:10 +0000"
    },
    "done": true
  },
  "connectedglass:recipes/decorations/scratched_glass_magenta_pane2": {
    "criteria": {
      "recipe_condition2": "2024-07-05 04:11:10 +0000"
    },
    "done": true
  },
  "connectedglass:recipes/buildingblocks/clear_glass_red2": {
    "criteria": {
      "recipe_condition2": "2024-07-05 04:11:10 +0000"
    },
    "done": true
  },
  "minecraft:recipes/transportation/birch_boat": {
    "criteria": {
      "entered_water": "2024-07-05 04:15:01 +0000"
    },
    "done": true
  },
  "cfm:install": {
    "criteria": {
      "tick": "2024-07-05 04:11:10 +0000"
    },
    "done": true
  },
  "minecraft:recipes/transportation/acacia_boat": {
    "criteria": {
      "entered_water": "2024-07-05 04:15:01 +0000"
    },
    "done": true
  },
  "connectedglass:recipes/buildingblocks/clear_glass_brown2": {
    "criteria": {
      "recipe_condition2": "2024-07-05 04:11:10 +0000"
    },
    "done": true
  },
  "connectedglass:recipes/buildingblocks/borderless_glass_pink2": {
    "criteria": {
      "recipe_condition2": "2024-07-05 04:11:10 +0000"
    },
    "done": true
  },
  "betteranimalsplus:root": {
    "criteria": {
      "tick": "2024-07-05 04:11:10 +0000"
    },
    "done": true
  },
  "connectedglass:recipes/decorations/scratched_glass_gray_pane2": {
    "criteria": {
      "recipe_condition2": "2024-07-05 04:11:10 +0000"
    },
    "done": true
  },
  "connectedglass:recipes/decorations/borderless_glass_gray_pane2": {
    "criteria": {
      "recipe_condition2": "2024-07-05 04:11:10 +0000"
    },
    "done": true
  },
  "minecraft:recipes/transportation/boat": {
    "criteria": {
      "entered_water": "2024-07-05 04:15:01 +0000"
    },
    "done": true
  },
  "minecraft:recipes/transportation/jungle_boat": {
    "criteria": {
      "entered_water": "2024-07-05 04:15:01 +0000"
    },
    "done": true
  },
  "connectedglass:recipes/buildingblocks/clear_glass_black2": {
    "criteria": {
      "recipe_condition2": "2024-07-05 04:11:10 +0000"
    },
    "done": true
  },
  "connectedglass:recipes/decorations/scratched_glass_black_pane2": {
    "criteria": {
      "recipe_condition2": "2024-07-05 04:11:10 +0000"
    },
    "done": true
  },
  "connectedglass:recipes/buildingblocks/tinted_borderless_glass_green2": {
    "criteria": {
      "recipe_condition2": "2024-07-05 04:11:10 +0000"
    },
    "done": true
  },
  "connectedglass:recipes/decorations/borderless_glass_purple_pane2": {
    "criteria": {
      "recipe_condition2": "2024-07-05 04:11:10 +0000"
    },
    "done": true
  },
  "minecraft:recipes/transportation/dark_oak_boat": {
    "criteria": {
      "entered_water": "2024-07-05 04:15:01 +0000"
    },
    "done": true
  },
  "connectedglass:recipes/buildingblocks/clear_glass_white2": {
    "criteria": {
      "recipe_condition2": "2024-07-05 04:11:10 +0000"
    },
    "done": true
  },
  "connectedglass:recipes/buildingblocks/scratched_glass_orange2": {
    "criteria": {
      "recipe_condition2": "2024-07-05 04:11:10 +0000"
    },
    "done": true
  },
  "connectedglass:recipes/buildingblocks/scratched_glass_magenta2": {
    "criteria": {
      "recipe_condition2": "2024-07-05 04:11:10 +0000"
    },
    "done": true
  },
  "connectedglass:recipes/buildingblocks/clear_glass_silver2": {
    "criteria": {
      "recipe_condition2": "2024-07-05 04:11:10 +0000"
    },
    "done": true
  },
  "connectedglass:recipes/decorations/clear_glass_blue_pane2": {
    "criteria": {
      "recipe_condition2": "2024-07-05 04:11:10 +0000"
    },
    "done": true
  },
  "connectedglass:recipes/decorations/scratched_glass_blue_pane2": {
    "criteria": {
      "recipe_condition2": "2024-07-05 04:11:10 +0000"
    },
    "done": true
  },
  "connectedglass:recipes/buildingblocks/tinted_borderless_glass_brown2": {
    "criteria": {
      "recipe_condition2": "2024-07-05 04:11:10 +0000"
    },
    "done": true
  },
  "connectedglass:recipes/buildingblocks/borderless_glass_blue2": {
    "criteria": {
      "recipe_condition2": "2024-07-05 04:11:10 +0000"
    },
    "done": true
  },
  "connectedglass:recipes/buildingblocks/scratched_glass_green2": {
    "criteria": {
      "recipe_condition2": "2024-07-05 04:11:10 +0000"
    },
    "done": true
  },
  "connectedglass:recipes/decorations/scratched_glass_light_blue_pane2": {
    "criteria": {
      "recipe_condition2": "2024-07-05 04:11:10 +0000"
    },
    "done": true
  },
  "connectedglass:recipes/decorations/clear_glass_gray_pane2": {
    "criteria": {
      "recipe_condition2": "2024-07-05 04:11:10 +0000"
    },
    "done": true
  },
  "connectedglass:recipes/buildingblocks/borderless_glass_brown2": {
    "criteria": {
      "recipe_condition2": "2024-07-05 04:11:10 +0000"
    },
    "done": true
  },
  "cfm:root": {
    "criteria": {
      "tick": "2024-07-05 04:11:10 +0000"
    },
    "done": true
  },
  "connectedglass:recipes/decorations/borderless_glass_magenta_pane2": {
    "criteria": {
      "recipe_condition2": "2024-07-05 04:11:10 +0000"
    },
    "done": true
  },
  "connectedglass:recipes/buildingblocks/tinted_borderless_glass_black2": {
    "criteria": {
      "recipe_condition2": "2024-07-05 04:11:10 +0000"
    },
    "done": true
  },
  "connectedglass:recipes/decorations/borderless_glass_orange_pane2": {
    "criteria": {
      "recipe_condition2": "2024-07-05 04:11:10 +0000"
    },
    "done": true
  },
  "connectedglass:recipes/buildingblocks/tinted_borderless_glass_magenta2": {
    "criteria": {
      "recipe_condition2": "2024-07-05 04:11:10 +0000"
    },
    "done": true
  },
  "connectedglass:recipes/decorations/borderless_glass_pink_pane2": {
    "criteria": {
      "recipe_condition2": "2024-07-05 04:11:10 +0000"
    },
    "done": true
  },
  "connectedglass:recipes/buildingblocks/scratched_glass_yellow2": {
    "criteria": {
      "recipe_condition2": "2024-07-05 04:11:10 +0000"
    },
    "done": true
  },
  "connectedglass:recipes/decorations/scratched_glass_yellow_pane2": {
    "criteria": {
      "recipe_condition2": "2024-07-05 04:11:10 +0000"
    },
    "done": true
  },
  "connectedglass:recipes/buildingblocks/scratched_glass_silver2": {
    "criteria": {
      "recipe_condition2": "2024-07-05 04:11:10 +0000"
    },
    "done": true
  },
  "connectedglass:recipes/buildingblocks/tinted_borderless_glass_purple2": {
    "criteria": {
      "recipe_condition2": "2024-07-05 04:11:10 +0000"
    },
    "done": true
  },
  "connectedglass:recipes/buildingblocks/clear_glass_light_blue2": {
    "criteria": {
      "recipe_condition2": "2024-07-05 04:11:10 +0000"
    },
    "done": true
  },
  "connectedglass:recipes/decorations/clear_glass_purple_pane2": {
    "criteria": {
      "recipe_condition2": "2024-07-05 04:11:10 +0000"
    },
    "done": true
  }
}